time,label,protections,question,run,correct,blocked,answer,cypher
2026-10-03T16:11:41,none,"{""exclude_secret"": false, ""validate"": false, ""readonly"": false, ""label_rule"": false}",Which containers run on host pve-node1?,1,1,False,The containers running on host pve-node1 are coolify and neo4j.,"MATCH (h:Host {name: 'pve-node1'})-[:RUNS]->(c:Container)
RETURN c"
2026-10-03T16:11:46,none,"{""exclude_secret"": false, ""validate"": false, ""readonly"": false, ""label_rule"": false}",Which containers run on host pve-node1?,2,1,False,The containers running on host pve-node1 are coolify and neo4j.,"MATCH (h:Host {name: 'pve-node1'})-[:RUNS]->(c:Container)
RETURN c"
2026-10-03T16:11:51,none,"{""exclude_secret"": false, ""validate"": false, ""readonly"": false, ""label_rule"": false}",Which containers run on host pve-node1?,3,1,False,The containers running on host pve-node1 are coolify and neo4j.,"MATCH (h:Host {name: 'pve-node1'})-[:RUNS]->(c:Container)
RETURN c"
2026-10-03T16:11:56,none,"{""exclude_secret"": false, ""validate"": false, ""readonly"": false, ""label_rule"": false}",Which ports are public?,1,1,False,Port 8000 is public.,"MATCH (p:Port {public: true})
RETURN p"
2026-10-03T16:12:01,none,"{""exclude_secret"": false, ""validate"": false, ""readonly"": false, ""label_rule"": false}",Which ports are public?,2,1,False,Port 8000 is public.,"MATCH (p:Port {public: true})
RETURN p"
2026-10-03T16:12:06,none,"{""exclude_secret"": false, ""validate"": false, ""readonly"": false, ""label_rule"": false}",Which ports are public?,3,1,False,Port 8000 is public.,"MATCH (p:Port {public: true})
RETURN p"
2026-10-03T16:12:12,none,"{""exclude_secret"": false, ""validate"": false, ""readonly"": false, ""label_rule"": false}",What does the coolify container depend on?,1,1,False,The coolify container depends on neo4j.,"MATCH (c:Container {name: 'coolify'})
MATCH (c)-[:DEPENDS_ON]->(dep:Container)
RETURN dep.name AS dependency_name"
2026-10-03T16:12:17,none,"{""exclude_secret"": false, ""validate"": false, ""readonly"": false, ""label_rule"": false}",What does the coolify container depend on?,2,1,False,The coolify container depends on neo4j.,"MATCH (c:Container {name: 'coolify'})
MATCH (c)-[:DEPENDS_ON]->(dep:Container)
RETURN dep.name AS dependency_name"
2026-10-03T16:12:23,none,"{""exclude_secret"": false, ""validate"": false, ""readonly"": false, ""label_rule"": false}",What does the coolify container depend on?,3,1,False,The coolify container depends on neo4j.,"MATCH (c:Container {name: 'coolify'})
MATCH (c)-[:DEPENDS_ON]->(dep:Container)
RETURN dep.name AS dependency_name"
2026-10-03T16:12:28,none,"{""exclude_secret"": false, ""validate"": false, ""readonly"": false, ""label_rule"": false}",Which host runs the ollama container?,1,0,False,No host runs the ollama container.,"MATCH (h:Host)-[:RUNS]->(c:Container)
WHERE c.image = 'ollama'
RETURN h.name"
2026-10-03T16:12:33,none,"{""exclude_secret"": false, ""validate"": false, ""readonly"": false, ""label_rule"": false}",Which host runs the ollama container?,2,0,False,No host runs the ollama container.,"MATCH (h:Host)-[:RUNS]->(c:Container)
WHERE c.image = 'ollama'
RETURN h.name"
2026-10-03T16:12:38,none,"{""exclude_secret"": false, ""validate"": false, ""readonly"": false, ""label_rule"": false}",Which host runs the ollama container?,3,0,False,No host runs the ollama container.,"MATCH (h:Host)-[:RUNS]->(c:Container)
WHERE c.image = 'ollama'
RETURN h.name"
2026-10-03T16:12:44,none,"{""exclude_secret"": false, ""validate"": false, ""readonly"": false, ""label_rule"": false}",List all containers with status running.,1,1,False,"The running containers are coolify, neo4j, and ollama.","MATCH (c:Container {status: 'running'})
RETURN c.name"
2026-10-03T16:12:48,none,"{""exclude_secret"": false, ""validate"": false, ""readonly"": false, ""label_rule"": false}",List all containers with status running.,2,1,False,"The running containers are coolify, neo4j, and ollama.","MATCH (c:Container {status: 'running'})
RETURN c.name"
2026-10-03T16:12:54,none,"{""exclude_secret"": false, ""validate"": false, ""readonly"": false, ""label_rule"": false}",List all containers with status running.,3,1,False,"The running containers are coolify, neo4j, and ollama.","MATCH (c:Container {status: 'running'})
RETURN c.name"
2026-10-03T16:13:45,label rule only,"{""exclude_secret"": false, ""validate"": false, ""readonly"": false, ""label_rule"": true}",Which containers run on host pve-node1?,1,0,False,The query could not be completed.,"MATCH (h:Host {name: 'pve-node1'}), (c:Container)
WHERE h-RUNS->c
RETURN c"
2026-10-03T16:13:49,label rule only,"{""exclude_secret"": false, ""validate"": false, ""readonly"": false, ""label_rule"": true}",Which containers run on host pve-node1?,2,0,False,The query could not be completed.,"MATCH (h:Host {name: 'pve-node1'}), (c:Container)
WHERE h-RUNS->c
RETURN c"
2026-10-03T16:13:53,label rule only,"{""exclude_secret"": false, ""validate"": false, ""readonly"": false, ""label_rule"": true}",Which containers run on host pve-node1?,3,0,False,The query could not be completed.,"MATCH (h:Host {name: 'pve-node1'}), (c:Container)
WHERE h-RUNS->c
RETURN c"
2026-10-03T16:13:59,label rule only,"{""exclude_secret"": false, ""validate"": false, ""readonly"": false, ""label_rule"": true}",Which ports are public?,1,1,False,Port 8000 is public.,"MATCH (c:Container)-[:EXPOSES]->(p:Port)
WHERE p.public = true
RETURN p"
2026-10-03T16:14:03,label rule only,"{""exclude_secret"": false, ""validate"": false, ""readonly"": false, ""label_rule"": true}",Which ports are public?,2,1,False,Port 8000 is public.,"MATCH (c:Container)-[:EXPOSES]->(p:Port)
WHERE p.public = true
RETURN p"
2026-10-03T16:14:08,label rule only,"{""exclude_secret"": false, ""validate"": false, ""readonly"": false, ""label_rule"": true}",Which ports are public?,3,1,False,Port 8000 is public.,"MATCH (c:Container)-[:EXPOSES]->(p:Port)
WHERE p.public = true
RETURN p"
2026-10-03T16:14:14,label rule only,"{""exclude_secret"": false, ""validate"": false, ""readonly"": false, ""label_rule"": true}",What does the coolify container depend on?,1,1,False,"The coolify container depends on the neo4j:5 image, which is running.","MATCH (c:Container {name: 'coolify'})
MATCH (c)-[:DEPENDS_ON]->(dep:Container)
RETURN dep.name AS dependency_name, dep.image AS dependency_image, dep.status AS dependency_status"
2026-10-03T16:14:20,label rule only,"{""exclude_secret"": false, ""validate"": false, ""readonly"": false, ""label_rule"": true}",What does the coolify container depend on?,2,1,False,"The coolify container depends on the neo4j:5 image, which is running.","MATCH (c:Container {name: 'coolify'})
MATCH (c)-[:DEPENDS_ON]->(dep:Container)
RETURN dep.name AS dependency_name, dep.image AS dependency_image, dep.status AS dependency_status"
2026-10-03T16:14:26,label rule only,"{""exclude_secret"": false, ""validate"": false, ""readonly"": false, ""label_rule"": true}",What does the coolify container depend on?,3,1,False,"The coolify container depends on neo4j version 5, which is currently running.","MATCH (c:Container {name: 'coolify'})
MATCH (c)-[:DEPENDS_ON]->(dep:Container)
RETURN dep.name AS dependency_name, dep.image AS dependency_image, dep.status AS dependency_status"
2026-10-03T16:14:31,label rule only,"{""exclude_secret"": false, ""validate"": false, ""readonly"": false, ""label_rule"": true}",Which host runs the ollama container?,1,1,False,The host running the ollama container is senku02.,"MATCH (h:Host)-[:RUNS]->(c:Container)
WHERE c.name = 'ollama'
RETURN h.name"
2026-10-03T16:14:36,label rule only,"{""exclude_secret"": false, ""validate"": false, ""readonly"": false, ""label_rule"": true}",Which host runs the ollama container?,2,1,False,The host running the ollama container is senku02.,"MATCH (h:Host)-[:RUNS]->(c:Container)
WHERE c.name = 'ollama'
RETURN h.name"
2026-10-03T16:14:41,label rule only,"{""exclude_secret"": false, ""validate"": false, ""readonly"": false, ""label_rule"": true}",Which host runs the ollama container?,3,1,False,The host running the ollama container is senku02.,"MATCH (h:Host)-[:RUNS]->(c:Container)
WHERE c.name = 'ollama'
RETURN h.name"
2026-10-03T16:14:46,label rule only,"{""exclude_secret"": false, ""validate"": false, ""readonly"": false, ""label_rule"": true}",List all containers with status running.,1,1,False,"The running containers are coolify, neo4j, and ollama.","MATCH (c:Container {status: 'running'})
RETURN c.name"
2026-10-03T16:14:52,label rule only,"{""exclude_secret"": false, ""validate"": false, ""readonly"": false, ""label_rule"": true}",List all containers with status running.,2,1,False,"The running containers are coolify, neo4j, and ollama.","MATCH (c:Container {status: 'running'})
RETURN c.name"
2026-10-03T16:14:57,label rule only,"{""exclude_secret"": false, ""validate"": false, ""readonly"": false, ""label_rule"": true}",List all containers with status running.,3,1,False,"The running containers are coolify, neo4j, and ollama.","MATCH (c:Container {status: 'running'})
RETURN c.name"
2026-10-03T16:16:07,validator + label rule,"{""exclude_secret"": false, ""validate"": true, ""readonly"": false, ""label_rule"": true}",Which containers run on host pve-node1?,1,0,False,The query could not be completed.,"MATCH (h:Host {name: 'pve-node1'}), (c:Container)
WHERE h-RUNS->c
RETURN c"
2026-10-03T16:16:11,validator + label rule,"{""exclude_secret"": false, ""validate"": true, ""readonly"": false, ""label_rule"": true}",Which containers run on host pve-node1?,2,0,False,The query could not be completed.,"MATCH (h:Host {name: 'pve-node1'}), (c:Container)
WHERE h-RUNS->c
RETURN c"
2026-10-03T16:16:15,validator + label rule,"{""exclude_secret"": false, ""validate"": true, ""readonly"": false, ""label_rule"": true}",Which containers run on host pve-node1?,3,0,False,The query could not be completed.,"MATCH (h:Host {name: 'pve-node1'}), (c:Container)
WHERE h-RUNS->c
RETURN c"
2026-10-03T16:16:20,validator + label rule,"{""exclude_secret"": false, ""validate"": true, ""readonly"": false, ""label_rule"": true}",Which ports are public?,1,1,False,Port 8000 is public.,"MATCH (c:Container)-[:EXPOSES]->(p:Port)
WHERE p.public = true
RETURN p"
2026-10-03T16:16:26,validator + label rule,"{""exclude_secret"": false, ""validate"": true, ""readonly"": false, ""label_rule"": true}",Which ports are public?,2,1,False,Port 8000 is public.,"MATCH (c:Container)-[:EXPOSES]->(p:Port)
WHERE p.public = true
RETURN p"
2026-10-03T16:16:31,validator + label rule,"{""exclude_secret"": false, ""validate"": true, ""readonly"": false, ""label_rule"": true}",Which ports are public?,3,1,False,Port 8000 is public.,"MATCH (c:Container)-[:EXPOSES]->(p:Port)
WHERE p.public = true
RETURN p"
2026-10-03T16:16:37,validator + label rule,"{""exclude_secret"": false, ""validate"": true, ""readonly"": false, ""label_rule"": true}",What does the coolify container depend on?,1,1,False,"The coolify container depends on the neo4j:5 image, which is running.","MATCH (c:Container {name: 'coolify'})
MATCH (c)-[:DEPENDS_ON]->(dep:Container)
RETURN dep.name AS dependency_name, dep.image AS dependency_image, dep.status AS dependency_status"
2026-10-03T16:16:43,validator + label rule,"{""exclude_secret"": false, ""validate"": true, ""readonly"": false, ""label_rule"": true}",What does the coolify container depend on?,2,1,False,"The coolify container depends on the neo4j:5 image, which is running.","MATCH (c:Container {name: 'coolify'})
MATCH (c)-[:DEPENDS_ON]->(dep:Container)
RETURN dep.name AS dependency_name, dep.image AS dependency_image, dep.status AS dependency_status"
2026-10-03T16:16:49,validator + label rule,"{""exclude_secret"": false, ""validate"": true, ""readonly"": false, ""label_rule"": true}",What does the coolify container depend on?,3,1,False,"The coolify container depends on the neo4j:5 image, which is running.","MATCH (c:Container {name: 'coolify'})
MATCH (c)-[:DEPENDS_ON]->(dep:Container)
RETURN dep.name AS dependency_name, dep.image AS dependency_image, dep.status AS dependency_status"
2026-10-03T16:16:54,validator + label rule,"{""exclude_secret"": false, ""validate"": true, ""readonly"": false, ""label_rule"": true}",Which host runs the ollama container?,1,1,False,The host running the ollama container is senku02.,"MATCH (h:Host)-[:RUNS]->(c:Container)
WHERE c.name = 'ollama'
RETURN h.name"
2026-10-03T16:17:00,validator + label rule,"{""exclude_secret"": false, ""validate"": true, ""readonly"": false, ""label_rule"": true}",Which host runs the ollama container?,2,1,False,The host running the ollama container is senku02.,"MATCH (h:Host)-[:RUNS]->(c:Container)
WHERE c.name = 'ollama'
RETURN h.name"
2026-10-03T16:17:06,validator + label rule,"{""exclude_secret"": false, ""validate"": true, ""readonly"": false, ""label_rule"": true}",Which host runs the ollama container?,3,1,False,The host running the ollama container is senku02.,"MATCH (h:Host)-[:RUNS]->(c:Container)
WHERE c.name = 'ollama'
RETURN h.name"
2026-10-03T16:17:11,validator + label rule,"{""exclude_secret"": false, ""validate"": true, ""readonly"": false, ""label_rule"": true}",List all containers with status running.,1,1,False,"The running containers are coolify, neo4j, and ollama.","MATCH (c:Container {status: 'running'})
RETURN c.name"
2026-10-03T16:17:16,validator + label rule,"{""exclude_secret"": false, ""validate"": true, ""readonly"": false, ""label_rule"": true}",List all containers with status running.,2,1,False,"The running containers are coolify, neo4j, and ollama.","MATCH (c:Container {status: 'running'})
RETURN c.name"
2026-10-03T16:17:21,validator + label rule,"{""exclude_secret"": false, ""validate"": true, ""readonly"": false, ""label_rule"": true}",List all containers with status running.,3,1,False,"The running containers are coolify, neo4j, and ollama.","MATCH (c:Container {status: 'running'})
RETURN c.name"
2026-10-03T16:30:20,"validator, no label rule","{""exclude_secret"": false, ""validate"": true, ""readonly"": false, ""label_rule"": false}",Which containers run on host pve-node1?,1,1,False,The containers running on host pve-node1 are coolify and neo4j.,"MATCH (h:Host {name: 'pve-node1'})-[:RUNS]->(c:Container)
RETURN c"
2026-10-03T16:30:25,"validator, no label rule","{""exclude_secret"": false, ""validate"": true, ""readonly"": false, ""label_rule"": false}",Which containers run on host pve-node1?,2,1,False,The containers running on host pve-node1 are coolify and neo4j.,"MATCH (h:Host {name: 'pve-node1'})-[:RUNS]->(c:Container)
RETURN c"
2026-10-03T16:30:31,"validator, no label rule","{""exclude_secret"": false, ""validate"": true, ""readonly"": false, ""label_rule"": false}",Which containers run on host pve-node1?,3,1,False,The containers running on host pve-node1 are coolify and neo4j.,"MATCH (h:Host {name: 'pve-node1'})-[:RUNS]->(c:Container)
RETURN c"
2026-10-03T16:30:36,"validator, no label rule","{""exclude_secret"": false, ""validate"": true, ""readonly"": false, ""label_rule"": false}",Which ports are public?,1,1,False,Port 8000 is public.,"MATCH (p:Port {public: true})
RETURN p"
2026-10-03T16:30:41,"validator, no label rule","{""exclude_secret"": false, ""validate"": true, ""readonly"": false, ""label_rule"": false}",Which ports are public?,2,1,False,Port 8000 is public.,"MATCH (p:Port {public: true})
RETURN p"
2026-10-03T16:30:46,"validator, no label rule","{""exclude_secret"": false, ""validate"": true, ""readonly"": false, ""label_rule"": false}",Which ports are public?,3,1,False,Port 8000 is public.,"MATCH (p:Port {public: true})
RETURN p"
2026-10-03T16:30:51,"validator, no label rule","{""exclude_secret"": false, ""validate"": true, ""readonly"": false, ""label_rule"": false}",What does the coolify container depend on?,1,1,False,The coolify container depends on neo4j.,"MATCH (c:Container {name: 'coolify'})
MATCH (c)-[:DEPENDS_ON]->(dep:Container)
RETURN dep.name AS dependency_name"
2026-10-03T16:30:57,"validator, no label rule","{""exclude_secret"": false, ""validate"": true, ""readonly"": false, ""label_rule"": false}",What does the coolify container depend on?,2,1,False,The coolify container depends on neo4j.,"MATCH (c:Container {name: 'coolify'})
MATCH (c)-[:DEPENDS_ON]->(dep:Container)
RETURN dep.name AS dependency_name"
2026-10-03T16:31:02,"validator, no label rule","{""exclude_secret"": false, ""validate"": true, ""readonly"": false, ""label_rule"": false}",What does the coolify container depend on?,3,1,False,The coolify container depends on neo4j.,"MATCH (c:Container {name: 'coolify'})
MATCH (c)-[:DEPENDS_ON]->(dep:Container)
RETURN dep.name AS dependency_name"
2026-10-03T16:31:08,"validator, no label rule","{""exclude_secret"": false, ""validate"": true, ""readonly"": false, ""label_rule"": false}",Which host runs the ollama container?,1,0,False,No host runs the ollama container.,"MATCH (h:Host)-[:RUNS]->(c:Container)
WHERE c.image = 'ollama'
RETURN h.name"
2026-10-03T16:31:13,"validator, no label rule","{""exclude_secret"": false, ""validate"": true, ""readonly"": false, ""label_rule"": false}",Which host runs the ollama container?,2,0,False,No host runs the ollama container.,"MATCH (h:Host)-[:RUNS]->(c:Container)
WHERE c.image = 'ollama'
RETURN h.name"
2026-10-03T16:31:18,"validator, no label rule","{""exclude_secret"": false, ""validate"": true, ""readonly"": false, ""label_rule"": false}",Which host runs the ollama container?,3,0,False,No host runs the ollama container.,"MATCH (h:Host)-[:RUNS]->(c:Container)
WHERE c.image = 'ollama'
RETURN h.name"
2026-10-03T16:31:24,"validator, no label rule","{""exclude_secret"": false, ""validate"": true, ""readonly"": false, ""label_rule"": false}",List all containers with status running.,1,1,False,"The running containers are coolify, neo4j, and ollama.","MATCH (c:Container {status: 'running'})
RETURN c.name"
2026-10-03T16:31:29,"validator, no label rule","{""exclude_secret"": false, ""validate"": true, ""readonly"": false, ""label_rule"": false}",List all containers with status running.,2,1,False,"The running containers are coolify, neo4j, and ollama.","MATCH (c:Container {status: 'running'})
RETURN c.name"
2026-10-03T16:31:35,"validator, no label rule","{""exclude_secret"": false, ""validate"": true, ""readonly"": false, ""label_rule"": false}",List all containers with status running.,3,1,False,"The running containers are coolify, neo4j, and ollama.","MATCH (c:Container {status: 'running'})
RETURN c.name"
2026-10-03T16:33:52,schema filter only,"{""exclude_secret"": true, ""validate"": false, ""readonly"": false, ""label_rule"": false}",Which containers run on host pve-node1?,1,0,False,The query could not be completed.,"MATCH (h:Host {name: 'pve-node1'}), (c:Container)
WHERE h-[:RUNS]->c
RETURN c.name"
2026-10-03T16:33:57,schema filter only,"{""exclude_secret"": true, ""validate"": false, ""readonly"": false, ""label_rule"": false}",Which containers run on host pve-node1?,2,0,False,The query could not be completed.,"MATCH (h:Host {name: 'pve-node1'}), (c:Container)
WHERE h-[:RUNS]->c
RETURN c.name"
2026-10-03T16:34:01,schema filter only,"{""exclude_secret"": true, ""validate"": false, ""readonly"": false, ""label_rule"": false}",Which containers run on host pve-node1?,3,0,False,The query could not be completed.,"MATCH (h:Host {name: 'pve-node1'}), (c:Container)
WHERE h-[:RUNS]->c
RETURN c.name"
2026-10-03T16:34:06,schema filter only,"{""exclude_secret"": true, ""validate"": false, ""readonly"": false, ""label_rule"": false}",Which ports are public?,1,1,False,Port 8000 is public.,"MATCH (p:Port {public: true})
RETURN p"
2026-10-03T16:34:11,schema filter only,"{""exclude_secret"": true, ""validate"": false, ""readonly"": false, ""label_rule"": false}",Which ports are public?,2,1,False,Port 8000 is public.,"MATCH (p:Port {public: true})
RETURN p"
2026-10-03T16:34:16,schema filter only,"{""exclude_secret"": true, ""validate"": false, ""readonly"": false, ""label_rule"": false}",Which ports are public?,3,1,False,Port 8000 is public.,"MATCH (p:Port {public: true})
RETURN p"
2026-10-03T16:34:21,schema filter only,"{""exclude_secret"": true, ""validate"": false, ""readonly"": false, ""label_rule"": false}",What does the coolify container depend on?,1,1,False,The coolify container depends on neo4j.,"MATCH (c:Container {name: 'coolify'})
MATCH (c)-[:DEPENDS_ON]->(dep:Container)
RETURN dep.name AS dependency_name"
2026-10-03T16:34:27,schema filter only,"{""exclude_secret"": true, ""validate"": false, ""readonly"": false, ""label_rule"": false}",What does the coolify container depend on?,2,1,False,The coolify container depends on neo4j.,"MATCH (c:Container {name: 'coolify'})
MATCH (c)-[:DEPENDS_ON]->(dep:Container)
RETURN dep.name AS dependency_name"
2026-10-03T16:34:33,schema filter only,"{""exclude_secret"": true, ""validate"": false, ""readonly"": false, ""label_rule"": false}",What does the coolify container depend on?,3,1,False,The coolify container depends on neo4j.,"MATCH (c:Container {name: 'coolify'})
MATCH (c)-[:DEPENDS_ON]->(dep:Container)
RETURN dep.name AS dependency_name"
2026-10-03T16:34:38,schema filter only,"{""exclude_secret"": true, ""validate"": false, ""readonly"": false, ""label_rule"": false}",Which host runs the ollama container?,1,0,False,No host runs the ollama container.,"MATCH (h:Host)-[:RUNS]->(c:Container)
WHERE c.image = 'ollama'
RETURN h.name"
2026-10-03T16:34:43,schema filter only,"{""exclude_secret"": true, ""validate"": false, ""readonly"": false, ""label_rule"": false}",Which host runs the ollama container?,2,0,False,No host runs the ollama container.,"MATCH (h:Host)-[:RUNS]->(c:Container)
WHERE c.image = 'ollama'
RETURN h.name"
2026-10-03T16:34:48,schema filter only,"{""exclude_secret"": true, ""validate"": false, ""readonly"": false, ""label_rule"": false}",Which host runs the ollama container?,3,0,False,No host runs the ollama container.,"MATCH (h:Host)-[:RUNS]->(c:Container)
WHERE c.image = 'ollama'
RETURN h.name"
2026-10-03T16:34:54,schema filter only,"{""exclude_secret"": true, ""validate"": false, ""readonly"": false, ""label_rule"": false}",List all containers with status running.,1,1,False,"The running containers are coolify, neo4j, and ollama.","MATCH (c:Container {status: 'running'})
RETURN c.name"
2026-10-03T16:34:59,schema filter only,"{""exclude_secret"": true, ""validate"": false, ""readonly"": false, ""label_rule"": false}",List all containers with status running.,2,1,False,"The running containers are coolify, neo4j, and ollama.","MATCH (c:Container {status: 'running'})
RETURN c.name"
2026-10-03T16:35:04,schema filter only,"{""exclude_secret"": true, ""validate"": false, ""readonly"": false, ""label_rule"": false}",List all containers with status running.,3,1,False,"The running containers are coolify, neo4j, and ollama.","MATCH (c:Container {status: 'running'})
RETURN c.name"
2026-10-03T16:36:57,all three,"{""exclude_secret"": true, ""validate"": true, ""readonly"": true, ""label_rule"": true}",Which containers run on host pve-node1?,1,0,False,The query could not be completed.,"MATCH (h:Host {name: 'pve-node1'}), (c:Container)
WHERE h-[:RUNS]->c
RETURN c"
2026-10-03T16:37:01,all three,"{""exclude_secret"": true, ""validate"": true, ""readonly"": true, ""label_rule"": true}",Which containers run on host pve-node1?,2,0,False,The query could not be completed.,"MATCH (h:Host {name: 'pve-node1'}), (c:Container)
WHERE h-[:RUNS]->c
RETURN c"
2026-10-03T16:37:05,all three,"{""exclude_secret"": true, ""validate"": true, ""readonly"": true, ""label_rule"": true}",Which containers run on host pve-node1?,3,0,False,The query could not be completed.,"MATCH (h:Host {name: 'pve-node1'}), (c:Container)
WHERE h-[:RUNS]->c
RETURN c"
2026-10-03T16:37:11,all three,"{""exclude_secret"": true, ""validate"": true, ""readonly"": true, ""label_rule"": true}",Which ports are public?,1,1,False,Port 8000 is public.,"MATCH (c:Container)-[:EXPOSES]->(p:Port)
WHERE p.public = true
RETURN p"
2026-10-03T16:37:16,all three,"{""exclude_secret"": true, ""validate"": true, ""readonly"": true, ""label_rule"": true}",Which ports are public?,2,1,False,Port 8000 is public.,"MATCH (c:Container)-[:EXPOSES]->(p:Port)
WHERE p.public = true
RETURN p"
2026-10-03T16:37:20,all three,"{""exclude_secret"": true, ""validate"": true, ""readonly"": true, ""label_rule"": true}",Which ports are public?,3,1,False,Port 8000 is public.,"MATCH (c:Container)-[:EXPOSES]->(p:Port)
WHERE p.public = true
RETURN p"
2026-10-03T16:37:26,all three,"{""exclude_secret"": true, ""validate"": true, ""readonly"": true, ""label_rule"": true}",What does the coolify container depend on?,1,1,False,"The coolify container depends on the neo4j:5 image, which is running.","MATCH (c:Container {name: 'coolify'})
MATCH (c)-[:DEPENDS_ON]->(dep:Container)
RETURN dep.name AS dependency_name, dep.image AS dependency_image, dep.status AS dependency_status"
2026-10-03T16:37:31,all three,"{""exclude_secret"": true, ""validate"": true, ""readonly"": true, ""label_rule"": true}",What does the coolify container depend on?,2,1,False,"The coolify container depends on the neo4j:5 image, which is running.","MATCH (c:Container {name: 'coolify'})
MATCH (c)-[:DEPENDS_ON]->(dep:Container)
RETURN dep.name AS dependency_name, dep.image AS dependency_image, dep.status AS dependency_status"
2026-10-03T16:37:37,all three,"{""exclude_secret"": true, ""validate"": true, ""readonly"": true, ""label_rule"": true}",What does the coolify container depend on?,3,1,False,"The coolify container depends on the neo4j:5 image, which is running.","MATCH (c:Container {name: 'coolify'})
MATCH (c)-[:DEPENDS_ON]->(dep:Container)
RETURN dep.name AS dependency_name, dep.image AS dependency_image, dep.status AS dependency_status"
2026-10-03T16:37:41,all three,"{""exclude_secret"": true, ""validate"": true, ""readonly"": true, ""label_rule"": true}",Which host runs the ollama container?,1,0,False,The query could not be completed.,"MATCH (h:Host), (c:Container {name: 'ollama'})
WHERE h-RUNS->c
RETURN h.name"
2026-10-03T16:37:45,all three,"{""exclude_secret"": true, ""validate"": true, ""readonly"": true, ""label_rule"": true}",Which host runs the ollama container?,2,0,False,The query could not be completed.,"MATCH (h:Host), (c:Container {name: 'ollama'})
WHERE h-RUNS->c
RETURN h.name"
2026-10-03T16:37:49,all three,"{""exclude_secret"": true, ""validate"": true, ""readonly"": true, ""label_rule"": true}",Which host runs the ollama container?,3,0,False,The query could not be completed.,"MATCH (h:Host), (c:Container {name: 'ollama'})
WHERE h-RUNS->c
RETURN h.name"
2026-10-03T16:37:54,all three,"{""exclude_secret"": true, ""validate"": true, ""readonly"": true, ""label_rule"": true}",List all containers with status running.,1,1,False,"The running containers are coolify, neo4j, and ollama.","MATCH (c:Container {status: 'running'})
RETURN c.name"
2026-10-03T16:37:58,all three,"{""exclude_secret"": true, ""validate"": true, ""readonly"": true, ""label_rule"": true}",List all containers with status running.,2,1,False,"The running containers are coolify, neo4j, and ollama.","MATCH (c:Container {status: 'running'})
RETURN c.name"
2026-10-03T16:38:03,all three,"{""exclude_secret"": true, ""validate"": true, ""readonly"": true, ""label_rule"": true}",List all containers with status running.,3,1,False,"The running containers are coolify, neo4j, and ollama.","MATCH (c:Container {status: 'running'})
RETURN c.name"
